familyName,givenName,additionalName,honorificPrefix,birthDate,birthName
Clementi,Marillin,Gabie,,1999-04-14,Gilbey
Doumic,Almire,,,2000-05-10,Pactat
Warrack,Britte,,,1958-10-14,
Dryden,Klarika,,Dr,1980-06-25,
Coade,Jeannine,,,,
Onthank,Annmarie,,,1983-09-11,
Cormode,Katrine,,,,
Danis,Jacquelyn,,,1947-08-27,Cattrell
Fewlass,Lucie,,,1999-04-14,
Andren,Cecil,Guglielma,Mrs,1975-11-23,
Airton,Dyane,,,,Kramer
Houtbie,Berti,,,,Iacomettii
Poynter,Starla,,,,Kinnie
Stelfox,Jerrylee,,,1985-12-14,
Tolputt,Charis,,,1959-09-29,
Cockle,Mozelle,,,1954-05-17,
Winterburn,Ema,Estell,,1988-01-10,
Mayling,Rubi,,,,Jaspar
Mellor,Deanne,Audra,,,
Ruppertz,Peggi,,,1989-11-21,
Ridolfo,Mellisent,,,1976-01-25,Chappelle
Dondon,Jolyn,,,,
Olliffe,Vikky,,,1970-04-25,
Paskell,Raine,Melissa,,1938-12-20,MacMechan
Belchem,Angele,,,1987-10-02,Lyddy
Issatt,Rebecka,,,1963-09-19,
Gerriets,Jenn,,,,Pointer
Poplee,Auria,Tammara,,1958-10-22,
Vaughan,Lane,Ame,,,Rubroe
Domenici,Verene,,,,Asquez
Spinelli,Ashli,,,1994-10-15,
Fullstone,Sadie,Myrna,,1934-12-16,
Cunney,Vera,Glori,,,
Stollmeyer,Aurelea,,,1954-05-15,
Rodenhurst,Elmira,Roana,,,Folley
Benit,Aeriell,Abagail,,,
Dalliston,Delcina,,,,
Gleder,Teri,,,,
Timeby,Cicily,,Mrs,1968-03-14,
Emmanuel,Zarla,,,1956-05-07,
Paute,Shayne,,,1933-11-18,
Goodhay,Tracy,,,,
Schwand,Olenka,Mellie,,1930-01-18,Mulles
Gatrell,Juli,,,2002-10-20,Bendon
Bradneck,Aubree,,,1968-03-26,
Tregido,Olimpia,,,1960-06-07,
Di Ruggero,Eimile,Valerie,,1984-08-31,
Dorn,Bert,,,,Lalor
Swiffan,Corabelle,Janka,Honorable,2000-01-11,
Jemmett,Tove,,,1978-04-14,
Murton,Alyss,,Mrs,,Heselwood
Haburne,Caryl,,,1995-04-06,
Sindall,Giustina,,,,
Loney,Beret,,,,
Merricks,Estele,,,1945-03-19,
Udall,Jillie,,,1979-01-31,
Abazi,Jsandye,Chantalle,,,
Ellwood,Chastity,,,1958-04-17,Ledgard
Barmadier,Daphna,,,,Traske
Jobson,Catina,,,,
Strother,Hana,,,2003-10-27,
Fourmy,Marabel,,,1958-08-19,Whaplington
Schonfeld,Sarette,,,,
Bellin,Karry,Cori,,,Tomkies
Childs,Darice,Nola,,1987-03-27,
Skentelbury,Sadye,,,1950-01-30,
Belcham,Linnet,,,,
Andrin,Luella,Willy,,1965-02-28,
Alekseicik,Sybille,,,1939-12-24,Van Eeden
Keme,Querida,,,1932-04-13,
Wheater,Iormina,,Ms,1968-11-29,Poyntz
Seniour,Ingunna,,,1941-04-12,
Commin,Harley,Clemence,,1940-07-13,
Stansby,Christyna,Ofelia,,,
Lively,Joan,,,1946-06-06,Steger
Stealey,Edita,Marne,,2001-08-11,
Gaskins,Jewelle,,,,
Petzold,Irina,Orelee,Rev,1964-02-26,
Rosenblad,Nita,,Mrs,1961-09-05,
Bozward,Stacie,Lynn,,,
Dormon,Ariana,,,1938-06-27,Solly
Bonniface,Melosa,Linette,Rev,1995-06-01,
Hollingsbee,Ashlee,,,1945-05-15,
Dymoke,Ilyse,Wallis,Dr,1964-07-13,
Trusty,Fred,,,2002-05-07,
O'Bruen,Lyssa,,,2001-02-09,Goodey
Wakeham,Beulah,Bobbye,,,
Henken,Lanny,Mathilda,,1944-11-20,
Haistwell,Starlin,,,1975-04-11,
Vaggers,Beverly,,,1946-04-05,Denyukin
Steckings,Ilene,,Dr,1967-08-06,
Mynett,Arlina,,,1948-08-12,
Jerwood,Ernesta,,,1965-02-21,Matas
Corington,Deedee,Lynette,Rev,,
Furphy,Leora,,,,
Eggers,Orsa,,Mrs,1955-12-01,
Lynett,Rycca,,,1991-07-12,
Radcliffe,Antonina,Aleda,,,
Curedell,Lacee,,Dr,1964-10-12,Merigot
Gyngyll,Britt,,,1973-11-21,
Spears,Olga,,,1990-05-05,
Kelledy,Carrissa,,,1952-11-01,
Hentzer,Nicole,,,1968-10-16,
Stronack,Christabella,Laney,,1968-04-29,
Byne,Annadiane,,,1930-11-14,Hembling
MacAindreis,Glennie,,,1972-03-22,
Woodcroft,Melonie,,,1934-04-23,De Hooch
Coucha,Gill,Elayne,,1956-03-13,
Lochrie,Deanna,Eleanore,,1972-09-17,MacEveley
Elwill,Mariana,,,1987-03-23,
Henrichsen,Konstanze,,,,Carradice
Pummery,Fayth,Sofia,,,
Berthot,Belva,,Dr,1940-02-11,
Garces,Dorry,,,1937-01-29,
Weafer,Ulrika,,,2003-05-02,Chandlar
Ismirnioglou,Greta,Eveline,Rev,1988-10-28,
Mattioni,Remy,Aleda,,1960-01-26,
Favill,Georgianna,,,1990-12-14,Muris
Seppey,Ynes,Dorris,,,Butterfill
Rowlatt,Binni,Delila,,1967-03-25,
Gibson,Aveline,,,,Edds
Napoleone,Marni,Eleonora,Mr,,
Tansly,Jenda,,,1977-11-01,
O'Hickey,Idelle,,,,
Kovnot,Janey,,,1956-11-20,
Rhoades,Lise,,,1935-03-27,Dalmon
McShea,Opalina,,,1982-12-01,
Fagan,Caryn,,,1937-05-23,
Penvarne,Tonia,Reine,,,
Candish,Nari,,,,
Habin,Margaretta,,,1982-03-15,
Durston,Darelle,Cinnamon,,1999-09-15,Tomlinson
McGowran,Ines,Carmen,Mrs,,
Flockhart,April,,,1932-06-06,Fewster
Nealy,Zenia,,Mr,,Balleine
Kornalik,Elinor,Katharine,,1964-06-25,
Fido,Tommy,Cathlene,Honorable,1949-06-19,
MacAnellye,Anallese,,,,
Cleghorn,Ambur,,,,
Stapleford,Guinevere,,Ms,,
Gouth,Gwenneth,,,1948-05-02,
Sibille,Celeste,Valry,Mrs,,
Sancho,Alecia,,,1962-01-24,Niset
Sobey,Kayle,,,,Crosi
Senogles,Dorise,,,1997-01-28,
Corrington,Katti,,,,
Ducroe,Tamara,,,1950-05-16,Busst
Gate,Madeline,,,1993-09-21,
Dimond,Easter,Tamera,,,Lesper
Wyne,Charyl,Layney,,1940-05-19,
Baiyle,Flory,,,1985-08-24,
Doodney,Fay,Devonna,,,
Pattesall,Lela,,,1969-10-25,Hoofe
Letty,Allyson,,,1968-01-12,
Bediss,Tricia,Romola,,1944-01-19,
Antyshev,Lin,,Ms,2002-01-25,
Jorge,Allys,Leilah,,1933-02-18,
Gwyneth,Lusa,,,1999-06-14,Pilipets
Dodwell,Maureen,,,1967-08-06,Bilsborrow
Bautiste,Karla,,,1981-10-04,
Frankiewicz,Elbertine,Lila,,1949-08-17,Decreuze
Itscowicz,Ruthy,Bobine,,,
Gronou,Ruby,,,1950-08-14,
Dovington,Darya,,,1968-02-01,
MacAlroy,Juana,,,1966-04-03,
Peggram,Tasia,,,1963-03-09,De La Hay
Meryett,Loralee,,,,Rusk
Tulloch,Lanny,,,1964-04-20,Jachimak
Dexter,Enriqueta,,,1996-07-01,Tribbeck
Spadazzi,Terrie,Jilly,,1967-01-21,
Pevie,Ofella,,Ms,1973-10-14,
Scotchmore,Lorinda,,,1972-11-29,Gallagher
Fryd,Milzie,Candide,,1965-10-23,
Harmer,Fiorenze,Madelene,Rev,,Collison
Chellingworth,Emilia,,Mrs,1951-05-05,
Hugett,Rosella,,,,
Shill,Libbi,Leta,,1990-06-24,
Iscowitz,Ansley,,,1972-10-10,
Krolman,Margarita,,,1992-09-07,
Challin,Alexia,,Mrs,1964-02-28,De Stoop
Treleaven,Abbie,,,,
Dourin,Abbi,Cora,Dr,,Echallie
Tuffell,Jorrie,Corabel,,1946-12-30,
Drennan,Rochell,,,1939-07-05,Franzen
Riddick,Abigail,,Dr,1942-01-05,
Corston,Analise,Laure,,1968-07-18,
McGonigal,Lora,Amelina,,,Buttery
Reeveley,Tiffi,,,,Sotheron
Newlands,Ynes,,,1987-01-19,
Allerton,Maggi,,,1932-09-07,Dunhill
Vasnev,Naomi,,,1982-12-07,Shorthouse
Raddon,Wallis,Sela,,,
Sponton,Jolene,,,,Grisley
Foynes,Ally,,,1962-12-13,
Kleinlerer,Becki,Bert,Honorable,1976-08-16,Shirtcliffe
Klausen,Sal,,,1986-06-20,
Barbie,Dawn,,Dr,1931-11-18,Spears
Manton,Xaviera,Prissie,,1983-12-29,
Spary,Nelle,Claudelle,,2002-10-28,
Proud,Muriel,,,,
Tomasi,Dottie,Valerie,Honorable,1992-05-24,
Easthope,Danice,,Rev,,
Birckmann,Alix,,,1997-07-09,Bardnam
Nawton,Anstice,Erinna,,1968-08-27,
Sarjent,Petunia,,,,
Stafford,Rivy,Linnie,,1982-09-26,
Pettendrich,Matelda,,,1985-04-03,
Curl,Darbie,,,1957-11-11,
Sarton,Daisy,,,1980-05-23,
Dismore,Joane,,,1974-07-27,
Haffner,Jana,,,1973-01-07,
Ipwell,Linnell,,,1965-11-03,
Phlippi,Ernestine,,Honorable,1942-05-09,
Goldine,Melisenda,Devonna,,,
Witling,Tallia,,,1963-06-11,
Tomasian,Carlyn,,,1992-07-28,Crofthwaite
Brierton,Shea,,Rev,,Figgess
Annion,Krysta,,,,
Pawel,Rickie,,,1956-01-27,
Ros,Winnah,,,,
Macer,Sarita,,,1958-10-31,Cail
Marguerite,Zora,Jennine,,1947-01-31,
Babin,Donielle,Hyacinthe,,2002-04-19,Payfoot
Cumbes,Darleen,,,1989-06-06,
Smalridge,Doloritas,,,,
Siggery,Fayth,,,1984-10-20,
Abendroth,Roberta,Enid,,1965-02-22,
McKinstry,Yvette,,,1984-07-21,
Roles,Roby,,,1978-03-18,
Hayselden,Pearla,Ashley,,1969-01-26,
St. John,Jacklin,Starla,,1999-04-06,
Dixie,Maitilde,Juliana,Rev,,
Szymonwicz,Daniele,Joann,,,Ponde
Wort,Jacqui,,,1944-10-26,
Feldklein,Marlene,,,1994-10-30,
Dumbell,Claudina,,,,
Priden,Deeanne,,,1953-12-02,
Hubble,Felisha,,,1966-02-18,Lavrick
Beavis,Catlaina,,,,
Winterburn,Angeline,,,1986-03-26,
Lugsdin,Andee,,Dr,1932-03-22,
Kiellor,Lucina,Maisie,,1976-07-22,
Conti,Toma,,,,
Bovis,Calla,Georgeanna,Dr,1939-11-02,
Plumridege,Sonni,,,1971-10-22,
Winston,Maurizia,,,1952-03-10,
Stollberger,Opalina,,,1997-06-20,
Bewlay,Josepha,,,1980-07-07,
Dalmon,Jenn,,,,
Legate,Gavrielle,,,,
Solland,Blancha,,,,
Jowle,Gillian,,,1968-07-12,
Beggs,Marley,,,1972-05-22,
Fillgate,Tamarra,,,1936-07-04,
Padula,Abagail,,,2003-02-26,
Saint,Lauren,,,,Rubery
Prazor,Cassandre,Rosene,,,
Giacomozzo,Benoite,,Ms,,Kinzett
Stallan,Shandie,Steffie,,,
De Bruijne,Orella,,,1972-06-09,
McPhillimey,Odelia,,,,
Burnage,Christin,,,1947-08-16,
Broscombe,Virginia,,,1937-03-25,
Hatch,Abagael,,,1930-08-05,Celes
Ravenscroftt,Catherina,,,1997-03-07,
Daily,Poppy,Perla,,1980-08-16,
Sodory,Ilene,Edith,,1993-09-01,
Becerro,Adelina,,,1960-10-30,
Clausen-Thue,Karia,,,1930-02-28,
Melin,Tommi,,Ms,,Accombe
Maharry,Halette,,,1933-05-23,
Gravie,Seline,,,,
Robatham,Elyn,,Rev,,
Toon,Melisse,,,,
MacKaig,Melloney,,,,
Paske,Jaquelin,,,1984-04-08,Cesaric
Maple,Hendrika,,,1951-08-13,Dawby
Scroggs,Tracie,Joline,,1962-08-06,
Pittford,Cahra,Cheri,,1964-10-13,
Gabbitis,Mathilde,,Dr,,
Mumbeson,Abigael,,,1947-01-30,
Gabbetis,Billi,,,,Grice
Jeandin,Zarla,Florri,,1961-06-19,Wandrack
Artz,Reyna,Lisabeth,,1990-02-04,Kelwick
Couling,Aaren,,,,
Figgures,Daune,,,1930-06-16,
Stirrip,Hope,,,,
Stowell,Aleda,,,,
Consterdine,Katherina,Marybeth,,,
Sporle,Monika,Letitia,,,
Oakman,Elissa,,,1963-05-03,Uridge
Hallybone,Mandie,,,,
Antunez,Bill,,,1985-03-25,
Alty,Dulsea,,,,
Spearett,Ginevra,,Mrs,1940-03-23,
MacCague,Adda,,,1932-11-15,
Wenden,Drusilla,Aloise,,2002-05-24,Durrett
Goshawke,Nomi,,,,
Permain,Allene,,,1978-07-30,Warre
Dubble,Anetta,Maridel,,1995-02-04,
Lanyon,Moselle,,,1979-01-27,
Rhodes,Norean,,Mrs,,
Thonason,Lucia,,,1933-01-05,
Libri,Anatola,,,1959-01-05,
Raunds,Allyce,,,1981-04-30,
Sein,Barb,,,1985-09-26,
Smallcomb,Zsazsa,Jonell,,1947-09-25,
Druett,Dorry,,,,
Mohun,Mae,,,1954-01-05,
Kenelin,Leeann,,,,
Nockles,Leontine,Kirsteni,,,
Minichillo,Rochella,Lissa,,,
Dukelow,Theadora,,,1987-01-09,
Isaak,Thomasa,,,,
Hartright,Jonis,Janaye,,1993-03-03,
Oliveras,Ruthie,Tania,,1941-06-29,
Coaker,Leshia,Koressa,,1947-05-25,
Sangwine,Jerrilyn,,,1949-01-06,
Skitteral,Ainsley,,,,
Coram,Fanchon,,,1943-11-16,
Guilloton,Ede,,,,
Lathbury,Mellie,,Mrs,1931-08-26,Flohard
Dillimore,Donnie,,,,
Luparto,Theadora,,,,Marner
Ruzicka,Dottie,Licha,,1943-12-16,
Kochl,Krista,Franny,,1985-12-14,
Hixson,Nita,,Mrs,1951-01-25,
Style,Arden,,,1993-11-21,
Cullity,Dre,Terza,,1979-08-31,
Curner,Lexie,,,,
Tessington,Celestine,,,,Lagne
Hiley,Sarine,Philis,,1987-08-23,
Lighton,Susanetta,Bonita,,1983-08-04,
Agronski,Ambur,Carolin,,1932-01-10,Du Plantier
Colbran,Franky,,,1945-12-26,
Rissen,Liv,,Mrs,1989-08-06,Dunster
Hubbis,Jennilee,,Ms,,
Preist,Judy,,,,
MacGillicuddy,Nat,,,1954-02-13,
Webley,Arabelle,Zaneta,Dr,,
Lawry,Nesta,,,1970-03-01,
Idill,Muriel,,,2001-08-26,Lebreton
Davys,Theressa,,,,Nusche
Hilhouse,Krystal,,Honorable,,
Lamplugh,Elene,,Dr,1955-11-11,
Michell,Bibby,,,1937-12-03,
Yosevitz,Leodora,Starr,,1941-10-05,Curson
Mushett,Jaynell,Constancia,,1995-02-13,
Ferrulli,Viv,Indira,,1943-08-15,
Sellars,Ami,,,1960-08-14,
Ullett,Maurine,,,,
D'Ruel,Elyn,Benedetta,,1962-02-17,
Bevington,Keri,,,,
Dawltrey,Cosette,,,1967-11-13,
Studde,Idette,,,1954-08-08,
Girauld,Mahalia,Odella,,1968-12-17,
Barnett,Moina,Kristan,Mr,1953-11-19,
Thrift,Toni,,,1964-03-28,
Eversfield,Anabelle,Nerti,,,
Trivett,Nady,,,1971-11-18,
Jachtym,Kiersten,,,1970-10-29,Kilty
Dickman,Imelda,,,1973-06-03,
Sauniere,Bride,,,1988-07-09,
Louw,Ginnifer,Birgitta,,1939-05-29,Sexten
Dilloway,Suzy,,,1977-08-30,
Mitcham,Alis,Jasmin,,,
Wermerling,Neile,,,1953-07-28,
McCord,Tabbitha,,,1947-04-07,
Josefer,Marguerite,,,1937-11-13,
Lerigo,Kaja,Josy,Ms,1958-01-21,
Pottie,Avril,,,1984-02-21,
Founds,Staci,,,1982-07-20,
Hebborne,Ali,Lexie,,,
Algore,Lisetta,Alma,Dr,1989-06-30,
De la Yglesias,Rori,,Ms,1963-11-28,Nise
Potkins,Sonja,,Mrs,,
Valentin,Shara,Olga,,1970-12-09,Mc Queen
Fasham,Helenka,,,1995-11-25,
Mingus,Leland,,,1990-09-09,
Simmonett,Natasha,Melantha,,1983-08-11,
Goning,Muriel,,Dr,,
Snugg,Dolly,,,,
Pill,Lexine,,,1981-11-26,Eccleshare
O'Lunny,Hephzibah,Neala,,1992-08-11,
Cleevely,Herta,,,1959-07-29,Lidgard
Bodham,Catherina,Kerrie,,1967-07-18,Squibe
Heeran,Xylina,,,1931-10-26,
Lelande,Kimberlee,,,1944-11-07,
MacElroy,Jessamyn,,,1950-03-23,
Harrell,Roxi,,,2001-05-12,
Spinage,Maren,,,1963-11-02,
Mazella,Janina,,,1940-08-28,
Rodolfi,Jolynn,,,,
Honnan,Odelia,Georgiana,,1964-07-19,
Valens-Smith,Annecorinne,,,1969-07-20,
Stratton,Krista,,,,Haresign
Snape,Viviyan,,,,
Coney,Hermia,,,,
Brahms,Chiarra,Donella,,1998-02-22,
Gratrix,Eugenie,,,2000-03-08,
Itzig,Linnea,,,1967-01-10,Teresi
O'Callaghan,Goldina,,Mrs,,
Craine,Jemmie,,,1930-03-24,
Cubley,Pamella,,,,
Bearblock,Melisande,,,1941-08-09,
Gaskell,Ronnie,,,,
Dominiak,Anett,Kelsey,,1995-04-28,Kordt
Mostin,Ursula,Adiana,,1978-09-08,Canton
MacGorrie,Willie,,,1971-02-01,Matskevich
Burdett,Tamera,Sheilah,,,Jewar
Zanardii,Margi,Zorina,,,James
Demange,Starla,,,1980-07-11,Holliar
Sogg,Veriee,,,,Eastmead
Bridgens,Moreen,Livvy,,1935-11-18,
McKennan,Andeee,,,1977-07-15,
Jeacop,Phillis,Marguerite,,1957-01-04,
Tedahl,Tilda,,,1962-07-31,Carwithan
O'Shields,Genny,,,1974-06-09,Joscelyne
Collison,Meara,,,1940-09-12,
Janway,Nelli,,Mr,1966-10-20,
Aloigi,Channa,Pammi,,1970-03-04,
Balentyne,Delcina,,,1950-01-22,
Ivanchin,Jori,Mariana,,1972-12-23,
Goldster,Saudra,,,,Matson
Gobeau,Virgie,,,,
Stranieri,Heddie,Bel,,1999-10-12,
Garrett,Millicent,,,,
Gasquoine,Ainsley,,,1983-12-24,
Palmar,Noella,,,1971-02-03,Turbefield
Filintsev,Tracee,Alida,,1955-03-28,
Dioniso,Trixie,,,1942-04-26,Wetherick
Bottomore,Liz,,,,
Leglise,Theresita,,,1960-04-30,
Gryglewski,Stepha,,,1990-06-26,
Duhig,Teresa,Darlleen,,,Prue
Maberley,Angelique,,,,
Farney,Elizabeth,,Rev,,Longcake
Cattach,Anetta,,Ms,1959-11-26,Alfonsini
McAvin,Josy,,,1982-07-21,
Marle,Kalie,,,1991-04-09,
Tremathack,Izabel,,,,
Taggert,Lorianne,Romona,,1942-01-30,
Rentelll,Antonella,,,,Stetson
Delmonti,Connie,Nan,,1958-09-06,
Longcake,Dollie,,,1935-07-29,
Shaxby,Guinna,,,1986-03-19,Linebarger
Jann,Selie,Kore,,1964-10-07,
Sides,Zora,,,,
Heggie,Jeanelle,,Mr,1935-12-12,
Rathe,Corine,Rianon,,1996-02-02,
Durrans,Jacenta,Opal,,,
Vaun,Norry,,,1996-06-01,Follis
Teodorski,Merrie,Lucinda,,1952-01-09,Mulmuray
Durtnall,Dayna,Florrie,,1954-10-20,
Tease,Noni,,,1967-08-08,
Faldoe,Estelle,,,,
Kupke,Patience,,Honorable,,
Taffrey,Dion,Therese,,1989-04-11,Amber
Long,Windy,,,1985-11-12,
Macken,George,,,,
Willowby,Gerladina,Minnie,,1984-06-23,
Garmans,Aubry,,,1933-10-31,
Rignold,Tatiana,Papagena,,,
Cutbirth,Pamella,,,,
Gittins,Emelda,Henrie,Rev,1947-04-08,
Tschierasche,Bernadine,,Rev,1966-07-29,Annandale
Coxwell,Gael,,,1952-07-31,
Lazell,Merrielle,,,,
Klewer,Abbie,,,1951-04-25,
Gottelier,Dulce,Merline,,1962-03-06,
Whitehorne,Cornelia,,,1964-04-10,
Stoddart,Thekla,Cassie,,,
Kermode,Beatrisa,,,1974-12-22,
Aluard,Ariana,,,1930-04-04,Lohde
Shobrook,Clem,,,,Meneer
Wallman,Aurilia,,Mr,,
Vazquez,Kelly,,,1963-03-12,Skilbeck
Selbie,Joni,,,1987-05-13,
Ridgedell,Bellanca,Cheryl,,1952-09-23,Leidecker
Kilshaw,Tiertza,,,,
Cadalleder,Fredi,,,1976-05-30,Gimblet
Doreward,Gillan,,Mr,1930-02-28,
Alsopp,Netti,,,2001-04-02,
Newdick,Ivy,Tyne,,1990-12-30,Findlow
Andrieu,Genni,,,1979-10-09,
Van Oort,Beckie,,,,
Moorwood,Lorita,,,1988-09-08,
Sherington,Hattie,,,,
Tacker,Linette,,,,Weal
Bowman,Nikolia,Lynette,,1952-06-10,
Cleen,Anette,,Rev,1972-10-20,
Grzelczak,Susanetta,,,,
Kingswell,Corey,,,1958-10-20,
Gipps,Philippe,,,2000-01-06,
Cancott,Carmina,Shoshana,Honorable,1930-06-24,
Zack,Alyce,,,1989-06-19,
Twine,Lulita,,,1958-02-02,
Greste,Marla,,,,Lapthorne
Pinchbeck,Vivyanne,,,,
Ingre,Hilliary,,,1971-07-31,
Walburn,Nada,,,,Gook
Boyce,Corabel,,,1973-02-27,
Jopp,Aleen,Johna,,1940-01-21,
Cleyne,Nanette,,,1950-07-09,
Cumberbatch,Danica,,,1964-12-30,Proctor
Fairhead,Marja,,,1955-10-16,
Ianizzi,Kerri,Eyde,,,Archbold
Capell,Conny,,Honorable,1964-08-26,
Combe,Ramonda,,,1971-07-20,Franklyn
McAuliffe,Ottilie,Belinda,,,
McTear,Reeva,Heidi,,1933-10-19,
Lande,Grayce,,,1990-11-19,
Grinsdale,Tatiana,Paulita,,1985-06-18,
Orkney,Doralynne,,Mr,1934-11-09,Dulake
Gannan,Laurianne,Imogen,,1937-08-10,Hurley
Pietrasik,Gerladina,,,1994-01-26,
Dryburgh,Gerhardine,Rosmunda,,1998-02-21,Crosfield
Tottie,Catharina,,,1979-06-20,
Pollendine,Dulcy,Eula,,1993-03-19,London
Scannell,Petronella,,,,
Pennone,Phyllida,,,1936-02-12,
de Guise,Marabel,,,,Billingsly
Greatbach,Odille,,,,Perrygo
Chattoe,Ammamaria,,,1976-04-29,
Plose,Auguste,,Ms,,
Seine,Blisse,,Honorable,,
Van Zon,Wilie,Jerrilee,,,Conyer
Clowsley,Monah,Rikki,,1990-04-17,
Belleny,Neysa,Daveta,,,
Scully,Violante,Hyacinthe,,1934-05-12,
McAlinion,Larine,,,1934-06-16,Parcall
Lemasney,Vicki,,,1944-04-27,
Smurthwaite,Cherry,,,,
Goding,Gayleen,Gloria,,1999-03-31,
Clelle,Hedvige,,,1966-09-09,Ilem
Jevon,Zabrina,Arlee,,1963-01-28,
Lartice,Nelly,Jerrine,,1957-06-05,
Moxson,Vivianne,Bendite,,1955-05-10,Setter
Bridewell,Wynn,,,1943-09-03,
Ajam,Gunilla,,,1967-06-06,McCafferty
Hackworth,Gloriana,,Rev,1954-04-21,Culleford
Greenroad,Ilse,,,,McElhargy
Prose,Noel,,,1948-02-19,
Glew,Moira,,,1958-07-13,
January 1st,Odessa,,,1992-04-07,Hothersall
Duligal,Lilyan,,,,
Grandison,Heather,,Rev,1957-09-28,Maryan
La Croce,Anette,,Honorable,2002-09-15,
Hellicar,Oralla,,,1983-08-26,Carmo
Haily,Isabeau,,,,Harper
Imison,Audry,,,1930-06-14,
Reicharz,Camilla,,,1959-04-02,Yallowley
Castells,Aloisia,,Ms,,
Bernlin,Nadeen,,,1965-05-08,
Olander,Minta,,,1975-10-30,
Machent,Genovera,,,1969-06-25,Raffeorty
Marson,Kirsteni,Larisa,,1989-08-09,
Hubbuck,Cherey,,,1994-07-17,
Blemen,Darline,,,1953-04-02,Hartell
McCole,Marianne,,,,
Coller,Sheryl,,,1985-02-27,
Zapater,Sofia,,,,Mesant
Ginnane,Ninnette,,,1993-05-17,
Beaford,Jorry,Jenifer,,,
Hurrell,Lesya,,,1954-03-22,
Simister,Rayshell,,,1977-10-01,
Jakoub,Marlene,Henrie,Rev,1949-05-12,
Lettington,Gaylene,,,1946-09-26,
Lightwing,Masha,Gayel,,1992-06-25,
Fasler,Aurora,,,,
Easthope,Gillan,,Dr,,
Ventum,Christalle,,,1981-03-11,
Paulsen,Fredelia,,,,
Benettolo,Barbie,,,,Brissenden
Whitewood,Tatiana,Dode,,,
Magowan,Kylie,,,,
Linge,Melessa,,,1985-08-12,
Bellon,Dix,,,1992-12-08,
Mattiussi,Abby,Cathrine,,1974-04-20,
Lowcock,Florry,Genny,,1973-04-02,
Loche,Ros,,,1935-04-21,
Hawker,Jacinda,,,1939-09-14,
Chelam,Sherry,,,,
Souness,Kit,,,1954-04-29,
Guinane,Imelda,,,1959-01-19,Riddick
Arrol,Annnora,,,2000-09-06,
Hesser,Janeva,,,,
O'Keevan,Margret,,,2002-07-18,
Lanfranchi,Nanon,Jolee,Dr,1979-09-23,
Prisk,Valeria,Daffi,,1967-05-31,
Vuitton,Andra,,,,
Golbourn,Sorcha,,Ms,1957-06-19,Dockrell
McKellen,Georgia,,,1932-03-30,
Petrollo,Ashleigh,,,1978-01-16,
Spellsworth,Britteny,,,,Scolland
Corcoran,Micki,,Honorable,1957-12-27,Burdett
Bindon,Maryanna,,,,Appleyard
Joinson,Estella,,,1954-11-27,Peplaw
Winteringham,Marielle,Charissa,,1948-05-24,
Wey,Beth,,,,
De Mars,Danica,Rozele,,1990-10-02,
Gandley,Robinia,,Mr,1930-03-07,
Greder,Bellina,Willy,,,O'Shevlan
Pitkeathley,Kettie,,,1973-10-26,
Trench,Lita,,,1931-03-03,
Grimble,Sella,,,1974-12-30,
Pinsent,Kerri,,,,
Straughan,Laure,,Rev,1948-07-23,
Hannaby,Othella,Lora,,1973-01-20,
Isaq,Winonah,,,,
Alphonso,Jacqui,Phil,,,
Dobrovolny,Carolina,,,1993-09-08,
Axelby,Darb,Dorothea,,,
Durrand,Terri,Dela,,,
Ropartz,Sylvia,,,,
Tatam,Damara,,,,
Twinborough,Neda,,,1968-05-20,
Stitch,Jenilee,,,1986-02-26,
McCafferty,Dru,,,,Buntain
Wais,Glyn,Jan,,,Reader
Boram,Natalee,,Mrs,,Noury
Antcliffe,Madelaine,,,2002-01-09,
Chesterfield,Cristine,,,,
Von Brook,George,,Mr,2001-08-28,
Deane,Chiarra,,,1930-10-09,Lancastle
Rupp,Clara,Phaedra,,1969-10-06,
Adney,Alex,Crysta,,1982-12-01,
Keast,Tallou,,Dr,1962-07-03,
Doylend,Bella,,,,
Rogers,Dulciana,,,1967-03-17,
Anthill,Babb,Aggy,Honorable,1993-09-11,
Shearwood,Trista,,,1954-12-30,
McGarrity,Sondra,,Ms,,
Grumell,Romola,Celene,,,
Dunnaway,Elonore,,,2003-07-31,
Topham,Krista,,,1949-09-02,
Worwood,Kally,,,1970-09-15,
Raecroft,Anni,,,1962-03-30,
Bello,Gerry,Shannah,,1953-08-05,
Over,Karmen,Sandye,Mrs,,Ruffle
Gadesby,Gayel,,Mrs,,Willmot
Benko,Goldarina,,,1935-12-18,
Marrow,Gabbey,,,1959-01-02,Steketee
Gors,Roobbie,,,1989-11-14,Leighfield
Petcher,Phyllis,,,1962-02-03,
Shadwick,Babita,,,1991-11-01,
Crusham,Ruthe,,Ms,1974-11-30,
Gabbitis,Mella,Phedra,,1970-06-06,
Merrilees,Caresa,Donny,,1966-04-08,
Tetla,Sapphire,,,1992-10-27,
Garn,Ronalda,,,1963-04-25,Agett
Curnnokk,Karoly,Savina,,1997-09-01,Tschirasche
Gladeche,Hildegaard,,,1997-12-07,Floris
Chestle,Sindee,,,1958-02-16,
Bowry,Giacinta,,,1953-11-07,
O'Lagen,Diann,Shirleen,,1939-12-12,
Warder,Cherianne,,,,
Roath,Patrice,,,1957-09-22,
Oxley,Anthiathia,,,,
Gravenell,Violetta,Charlena,,1962-08-21,Forber
Delacroux,Lindsy,,,1931-04-20,Alejo
Brandom,Robby,Tammy,,,
Million,Michaeline,,Ms,1996-07-30,Bore
Rubenov,Ashla,,Dr,,
Ilyinykh,Flossie,,,1951-11-15,Littrell
Bullivent,Venita,Dulcine,Mr,1933-03-20,
Gergely,Winna,Caria,,1951-02-23,
Downe,Chryste,Karna,,1953-09-17,Brassington
Jandourek,Chiquita,,,,
Gingedale,Sheryl,,,1974-03-22,
Yeates,Maighdiln,Ginnie,,1972-07-25,Eliasson
Ogger,Constantina,,,1991-07-10,
Frangello,Pierrette,Ange,Mrs,2000-04-19,
Volks,Cymbre,,,1981-02-28,
Valler,Nadya,Antonella,,1967-10-07,
Crosseland,Amandy,,,1949-01-13,
Peat,Clarissa,Fawn,,1982-11-12,Harness
Redparth,Andra,,,,
Hemphall,Anna-diana,Marita,,1989-04-02,Hebborne
Blest,Robenia,Laurice,,,Lyons
Restieaux,Trisha,,,,
Zienkiewicz,Lorraine,,Mrs,1965-12-12,Oldmeadow
Pollastrino,Annadiana,Ileana,,1987-06-06,
Blanch,Fanechka,,Ms,1934-06-26,
Tremoille,Rahal,Idaline,,1975-09-06,
Haskett,Beitris,Ursola,,1994-03-03,
Ebourne,Deedee,,,1998-05-03,
Aleksandrev,Nyssa,,,1982-03-04,
Harmston,Donelle,Constancia,,,
Jakel,Dyan,,,1959-12-26,Adair
Cavanaugh,Aliza,Evita,,1930-02-01,
Achurch,Helene,Ally,,1975-05-03,Ollier
Simionato,Laina,,,1946-11-21,
Costin,Nancie,,Honorable,1992-01-18,
Hutchins,Bebe,Beverlee,,,Brashier
Hucquart,Berget,,,,
Vaudrey,Lane,,,1966-12-23,
Coldman,Charlene,Melinde,Ms,,
Brownsell,Fidelity,,,1971-06-13,Clears
Boon,Carin,,,1970-03-16,
Way,Vilma,,,1946-10-10,
Switzer,Zelda,,,1947-10-16,
Goosnell,Nana,,,,
Dalley,Staci,,,1963-10-04,
Prinett,Blanca,,Rev,,McKellar
Thurstance,Ronda,Vinnie,,2001-06-16,
McMurdo,Annalise,,,,
Hedworth,Guglielma,,,1993-06-30,
Beecham,Stephie,,,,
Heymann,Beret,,,1952-01-23,
Barbara,Sephira,,,,
Moulin,Isis,Sandye,,,
Breche,Leeann,Aviva,,1973-01-26,
Cobain,Susan,,,1968-02-27,
Bosnell,Myrlene,Junia,,1998-11-22,
Meugens,Agnella,Gustie,,2001-07-12,Stavers
Oxtoby,Jodee,,Mr,1971-11-25,
Pyer,Julietta,,,1980-08-24,
Parradice,Mona,Siusan,,1931-07-18,
Durrance,Amii,,,,
Sisneros,Janel,,,1990-03-28,
Roscher,Ginny,,,1962-03-21,
Kimbling,Elonore,,,1961-11-06,
Habershaw,Jacenta,Dian,,,
Shrubb,Gwen,,,1939-09-10,
Alu,Shaylah,Meridith,,1931-07-01,
Forster,Fayre,,Honorable,1942-10-31,
Cansfield,Dannye,Emelda,,1967-07-02,Lowrey
Keddie,Barbaraanne,,,1971-04-29,Giovannoni
Cumpton,Kassia,,,1961-04-16,
Gilhouley,Valera,,,1986-06-04,
Maginn,Torie,,,1952-10-05,
Overthrow,Annmaria,,,1937-07-16,
Grimstead,Waly,,,1983-06-11,
Brightey,Zora,Stormi,,,
Cawston,Emmy,Lanna,,1969-04-26,
Haeslier,Doralynn,,Ms,1985-07-16,
Raggitt,Suzy,Noami,,1961-07-09,
Stoffersen,Angil,,,1987-05-06,
Djuricic,Koral,,Mr,1997-02-11,Itzkovici
Palmar,Darla,Julina,,1966-07-04,
Leeburn,Nari,,,1986-12-15,Gowan
Phibb,Lenee,,,,Stoyles
Bulward,Angelica,,,1996-12-22,
Clack,Clara,,,1962-05-11,
Nettles,Darell,,,1935-10-19,
Eccott,Bunny,,,1935-05-16,
Blare,Ellie,Ferdinande,Dr,,
Bothram,Danell,,,1945-05-25,
Fricker,Justinn,,,1976-12-28,
Foulsham,Patsy,,,,Marconi
A'field,Laurena,Claudie,,,
Haversham,Krissy,,,,Grinishin
Dolby,Rhianna,,,1940-11-05,
Duxbarry,Alexine,,,1954-06-13,
Yezafovich,Charissa,Jeniffer,,1985-02-24,
Aistrop,Frederique,Gerhardine,,1974-09-06,
McArthur,Samaria,,,,Eveleigh
Poore,Queenie,,,1947-07-01,
Hof,Elysha,,,,
Tolmie,Heda,,,1953-05-08,
Settle,Marketa,,,1963-09-09,
Beatey,Rene,,,1983-04-04,
Albone,Ethel,Cherrita,,,
Hardman,Helenelizabeth,,,,
Coggeshall,Leslie,Shandee,,1958-10-31,
Crisell,Becca,,,,Pyser
Symondson,Alayne,,,1965-08-15,
Grainge,Gretel,Ivy,,1997-09-15,
Elmar,Livvy,Elaina,,,Reid
Sibary,Raf,,,,
McNickle,Blakeley,Edna,,1960-09-20,
Halloway,Sadye,,,,
Barnardo,Libbey,Remy,,1947-08-14,
Jedraszczyk,Orelia,,Rev,,
Bullocke,Brittney,,,1983-11-18,
Durnford,Wendy,Joanne,,,
Thorneloe,Jorie,,,,Yellowlea
Greedyer,Fanechka,Damaris,,,
Carverhill,Georgie,,,2000-06-22,Bartoshevich
Lott,Eyde,,Honorable,,
Stukings,Quentin,,,,
Ginni,Clare,Angelique,,,
Leathard,Myrilla,Merilee,,1952-07-15,Felderer
Gagen,Ynes,Dolli,,1971-02-10,Pfeffel
Peeters,Anabelle,Brandais,,,
Heers,Crysta,,,,
Flanner,Lorianne,,,1944-04-26,
Pyott,Oralia,Penelopa,,1946-05-14,Destouche
Swanborough,Eachelle,,Honorable,1950-04-04,Sinott
Blunkett,Latisha,Milicent,,1982-04-02,O'Currine
Klimpke,Florina,,Mr,1949-12-13,
Gellett,Junie,Beilul,,,Noraway
Scrigmour,Nicoli,Michaela,,,
Monnoyer,Edee,,,1945-03-04,
Crowdy,Sallee,,,,
Dysart,Glyn,,,1935-08-10,
Jansey,Brittaney,Shoshanna,Mrs,1930-02-26,
Richarz,Lelia,,,,
Duesbury,Sydney,,,1947-06-08,MacPharlain
Ferens,Clarisse,Gwenneth,,,
Romero,Cassondra,,,1946-12-13,
Flecknell,Dynah,,,1976-04-07,Lezemore
Seyffert,Kip,,,1933-02-03,
Ladd,Jena,,,1999-02-21,Hablet
Dhenin,Angelita,Guillema,,2003-09-04,
Yankov,Sile,Nana,,1930-01-19,Smorfit
Dowdall,Maridel,Carmelita,,,
Bernardelli,Rori,,,1991-12-26,
Mulliner,Onida,,,1945-11-06,
Coggeshall,Gerrilee,,Dr,1961-01-03,
Argente,Babbette,,,,Guirardin
Rangle,Agneta,,,1942-08-06,
Jacobowicz,Liv,,Dr,,
Van't Hoff,Lucina,,,,
Cowan,Myrilla,,,1979-11-15,Granham
Lunam,Brande,,,1960-11-06,
Berringer,Carlynne,,,1984-09-07,
Nattriss,Barbie,,,1998-12-12,
Nordass,Ansley,,,1953-07-14,
Pilley,Eulalie,Adah,,1947-12-05,
Tomczykowski,Josi,,,,
Sodo,Denny,Meg,,1941-08-12,Lardez
De La Coste,Evangelin,Carlee,Ms,2000-10-14,
Orpyne,Maressa,,,1946-08-24,
Haysar,Ana,June,,1987-08-09,MacAskie
Mackstead,Doria,,,1974-12-05,
Stoddard,Dallas,,,,
Sothern,Peggy,,,1972-03-02,Keuning
Spellworth,Dusty,,,1948-10-06,Melwall
Pleasants,Angel,,,1978-05-02,
Tape,Binnie,Lucky,,,
Poller,Aubrette,Hollie,,1958-04-05,
Burdett,Averil,,,,
Leathwood,Elysia,,,1970-11-15,
Plumstead,Michel,,Rev,1956-02-14,
MacDonogh,Celinda,,,1964-02-03,Harring
Fernandez,Estell,,,1975-11-12,
Scougal,Gwenore,,,2001-01-01,
Donson,Ketty,Desiree,,,Bushill
Fruish,Aleen,Willamina,,1935-06-23,
Cuesta,Maryann,,,1977-09-16,Krzysztof
Zeal,Wenona,Franny,,1997-08-23,
Buterton,Fredra,,,1944-01-06,
MacFadzean,Darci,,,,
Vowell,Elberta,,,1939-10-09,
McArt,Gwenore,,,1955-09-13,
Illingworth,Tabbatha,Shana,,1973-09-05,Stollsteiner
Dutnall,Aurilia,,,,
Giraldez,Pegeen,,,1933-07-06,
Goreisr,Rodina,,Honorable,,
Blown,Kendre,Vikki,,1934-03-20,
Drage,Sherie,,Mr,1931-08-02,
Gingold,Jenine,Olivie,,,
Haps,Anica,,,1968-03-18,Stappard
Emanuel,Stevena,Malissia,,,
MacBain,Theodora,Aretha,,,
Donson,Karlyn,Malynda,,1954-04-02,
Baumford,Anallese,,,1976-03-27,
Crowcombe,Melisande,,,1969-12-28,
Hare,Natassia,Alys,,1973-06-23,McIlvenna
Brickett,Dorotea,,Honorable,1947-08-25,Gaylord
Brandts,Elisha,,,1933-03-11,
Poinsett,Aleda,,,1949-09-03,
Swendell,Caria,,,1960-04-09,
Dwyer,Scarlet,,,1968-12-22,Golton
Taylot,Sena,,,,
Grigorey,Dorella,,,1936-07-24,
Browncey,Patrica,,,,
Davinet,Florida,Sheryl,,1978-07-21,
Adam,Allyce,,,1972-01-24,Grimwood
Georgel,Petunia,,,,
Domesday,Alma,Noelani,,,
Perocci,Giustina,,,1976-06-13,
Adran,Brandais,,,,
Lynock,Briney,Nara,,1964-04-13,
Giacovetti,Maude,,,1973-07-08,
Hughlin,Agata,Alexina,,1991-12-14,
Collibear,Sheba,,,1936-01-13,
Brayne,Willow,,,1948-01-27,
Toma,Margaretha,,,1950-08-06,
Hoyland,Mickie,,,1943-12-13,
Merrywether,Rachael,,,1974-07-23,
Dragonette,Joceline,,,,
Wheowall,Lavina,,,1989-03-09,
Toleman,Hana,,,1976-12-20,
Pearse,Faustine,,,1956-12-28,
Richt,Olga,Jenn,,1934-06-26,
Tomasello,Natalya,Karin,,1980-07-20,
Dolley,Rebeka,,,2001-07-26,
Trenchard,Brenna,Chloe,Dr,1960-04-02,Bone
Amberson,Mandie,,,,
Glencorse,Gayleen,,,2003-01-11,
Jakeman,Ethelind,,,1960-09-10,
Parsisson,Noell,Charis,,1935-09-02,
Yuryshev,Isabeau,,,1969-12-13,
Dallas,Dniren,Ange,,1965-06-21,
Chasemore,Jacki,,,1944-07-14,Owbrick
Leebetter,Amii,,,,Kalisz
Telling,Jermaine,,,1955-03-22,
Barron,Emmi,,,1982-04-01,Tolworthy
Jaquin,Merlina,,,1997-09-21,
Aylmore,Auria,,,1959-12-17,
Le Noury,Florette,,Mrs,1990-03-20,
Scoates,Mirabel,Dionis,,1999-03-22,
Wingham,Lianne,,,1968-02-26,
Sueter,Dasya,,,1957-12-11,
Wildes,Letta,,,1999-12-22,
Vyse,Allianora,,,1942-05-19,
Haydn,Liana,Tessy,,1998-10-24,
Pettifer,Serena,,Mr,,
Preene,Margot,Gweneth,,,Dunlap
Derr,Georgianne,,,1932-04-05,
Mawby,Yolanthe,Lacy,,1942-03-19,
Enoch,Leontyne,Oralle,Dr,,
Van Haeften,Dolorita,,,,
Fries,Lucretia,Ilyse,,1974-09-29,
Filan,Nona,,,1957-05-18,
Mac Giolla Pheadair,Donella,Nita,,1965-05-25,O'Regan
Pylkynyton,Cathlene,Rosene,Ms,,Spofforth
Radnedge,Fianna,,,1941-05-16,
Abilowitz,Rozina,,Ms,,Pauler
Corradino,Jacklyn,,,2002-07-10,
Melonby,Lexi,,,1966-04-14,
Tolcharde,Hester,,,1996-02-04,
Newcom,Gabriella,,,1995-09-29,
Elsbury,Katey,,,,
Dyer,Barbey,,,1931-05-06,
Ballance,Carlene,Claude,,,Radnedge
Yabsley,Dalila,Liliane,,1948-06-18,
Boothman,Quintana,,,1994-08-28,Sherville
Poulston,Cleo,,Honorable,1958-12-19,
Dabner,Roseann,,,1992-05-12,
Eddies,Jami,,Honorable,1949-11-09,
Dobing,Kellina,Katharina,,,
Gherardini,Christiane,Eilis,Mr,2000-03-02,
Pennuzzi,Gracie,,,1962-11-26,
Huggins,Lina,,,2002-05-02,Folbigg
Humblestone,Krysta,,Honorable,,
Pooley,Johna,Nelli,Honorable,1979-10-16,
Peschet,Katleen,,,1939-06-13,
McCullagh,Corilla,,,2002-07-22,Astling
Board,Tammy,,Mrs,,
Danett,Theda,,,,
Devo,Nadean,,,2000-09-29,
Fildery,Anallise,,,,Gherardini
Farmiloe,Daphene,,Mrs,1938-09-29,
Adin,Barry,,,,
Richardt,Zorine,,Mr,,
Ximenez,Drona,,,1989-04-11,
Sayes,Lurline,,,1961-10-20,
McVity,Kristine,Giacinta,,1945-09-26,
Pursey,Corabel,,,,
Isacq,Ofelia,Davina,,1983-04-29,Winterbourne
Megroff,Kathe,,,,Tapson
Caveill,Gnni,,,,
Worssam,Norrie,,,1950-05-23,
Twell,Phil,,,,
Krug,Mandy,,,1986-07-19,
Dowall,Clarissa,Shelly,,1994-04-16,
Newland,Patrica,,,1950-10-01,
Tweddle,Agathe,,,,
Frame,Bell,,,,
Pallatina,Caitlin,,,1977-02-07,
Tavner,Andeee,Anabelle,,1947-03-03,Sleney
Cowland,Robyn,,,,Antoinet
Ing,Lorrie,,,1956-04-26,
Buttrick,Rosabel,,Honorable,,Stoeck
Wyness,Estella,,,1952-12-21,
Dyett,Sharl,,,1973-12-28,Siviour
Dawidowsky,Liv,,,1975-05-26,
Huglin,Sallyanne,,,1998-03-17,
Padgham,Cordie,Agretha,,1940-02-19,
Ladbury,Martelle,,,,
Sturgis,Loree,,,1940-07-09,
Aulton,Bari,,,1932-07-16,
Hedger,Linnea,Goldarina,,1965-03-22,
Really,Donia,Caren,,,
Ellesworthe,Kimberley,,,1976-03-21,
Carville,Hephzibah,,,1939-05-13,
Fyfe,Christye,Sybille,,1952-04-29,
Bonicelli,Lynne,,Dr,,
Bushell,Vivie,Lona,,1992-12-05,
Linnitt,Nikoletta,,,2001-09-11,
Edis,Cayla,,,,
Jizhaki,Gertrud,Charlean,,,
Whellams,Jewell,,,1996-11-21,
Darth,Rubi,Shell,,1938-07-03,
Wince,Deni,,Mr,1941-11-17,Kunzler
Wanden,Zelda,,,,
Fritzer,Tybie,,Rev,1972-08-25,
Gresch,Goldina,,,1954-07-05,
Simmgen,Cairistiona,Alexa,,,Vatcher
Flaherty,Merry,Myrle,,,
Freegard,Kimberlee,,,1970-05-04,
Boleyn,Alanah,Kelsey,,1962-07-29,Happel
Acosta,Marcy,,,1951-12-13,
Sutterby,Avrit,,,1962-04-28,
Fears,Kendre,,,2002-08-05,
Hamilton,Ema,Jemmy,,,
